<?xml version="1.0" encoding="UTF-8"?>
<project-private xmlns="http://www.netbeans.org/ns/project-private/1">
    <editor-bookmarks xmlns="http://www.netbeans.org/ns/editor-bookmarks/2" lastBookmarkId="0"/>
    <open-files xmlns="http://www.netbeans.org/ns/projectui-open-files/2">
        <group>
            <file>file:/D:/Netbean_Project/ooad/src/ooad/incident.png</file>
            <file>file:/D:/Netbean_Project/ooad/src/ooad/Login.java</file>
            <file>file:/D:/Netbean_Project/ooad/src/ooad/Incident.java</file>
            <file>file:/D:/Netbean_Project/ooad/src/ooad/Register.java</file>
            <file>file:/D:/Netbean_Project/ooad/src/ooad/javaconnect.java</file>
            <file>file:/D:/Netbean_Project/ooad/src/ooad/Allocation.java</file>
            <file>file:/D:/Netbean_Project/ooad/src/ooad/login.png</file>
        </group>
    </open-files>
</project-private>
